date,avg_sentiment,news_count
2017-09-23,0.6808,1
2017-12-13,0.0,1
2017-12-15,-0.031766666666666665,3
2017-12-16,0.4215,1
2017-12-19,-0.4019,1
2018-01-10,0.0,1
2018-01-21,0.2023,1
2018-01-23,0.3612,1
2018-01-25,0.0,1
2018-02-02,0.3818,1
2018-02-04,0.0,1
2018-02-08,-0.3804,1
2018-02-13,0.34,1
2018-02-15,-0.10115,2
2018-02-18,0.4588,1
2018-02-22,-0.0772,1
2018-03-10,0.0,1
2018-03-24,0.0,1
2018-04-05,0.0,1
2018-04-10,0.3818,1
2018-04-28,0.0,1
2018-04-29,0.0,1
2018-05-14,0.6597,1
2018-05-19,0.5106,1
2018-05-25,-0.3818,1
2018-06-13,0.0772,1
2018-07-02,0.0,1
2018-07-11,0.0,1
2018-07-14,0.6871,1
2018-07-17,0.0,1
2018-07-18,0.0,1
2018-08-09,0.0,1
2018-08-25,0.0,1
2018-09-05,-0.5994,1
2018-09-06,0.3182,1
2018-09-13,0.0,1
2018-09-16,0.0,1
2018-10-06,0.0,1
2018-10-29,0.6674,1
2018-10-30,0.0,1
2018-11-14,0.0,1
2018-11-19,0.0,1
2018-12-10,0.3182,1
2018-12-12,0.3182,1
2018-12-27,0.5719,1
2019-01-01,-0.1027,1
2019-01-04,-0.0516,1
2019-01-07,0.21075,2
2019-01-08,-0.4767,1
2019-01-09,0.0,1
2019-01-12,-0.5719,1
2019-01-17,-0.3818,1
2019-01-18,0.2023,1
2019-01-20,0.23954999999999999,2
2019-01-22,-0.5423,1
2019-01-23,0.0,1
2019-01-25,0.0,1
2019-01-26,0.2023,1
2019-02-20,0.0,1
2019-02-26,0.0,1
2019-03-10,0.0,1
2019-03-11,0.0,1
2019-03-12,0.0,1
2019-03-17,0.0,1
2019-04-06,-0.5423,1
2019-05-08,0.0,1
2019-05-16,0.0,1
2019-05-20,0.0,1
2019-05-21,0.4019,1
2019-06-07,0.0,1
2019-07-04,0.0,1
2019-10-19,0.2023,1
2019-10-28,0.0,1
2019-10-29,0.0,1
2019-10-30,0.0,1
2019-11-27,-0.6124,1
2019-12-10,-0.1027,1
2019-12-19,-0.1779,1
2020-01-05,-0.07655,2
2020-01-17,0.34,1
2020-01-28,0.0,1
2020-02-03,0.0,1
2020-02-14,0.0,1
2020-02-18,-0.4588,1
2020-02-28,0.3612,1
2020-05-13,0.0,1
2020-05-14,0.0,1
2020-05-19,0.34,1
2020-06-09,0.0,1
2020-06-16,0.0,1
2020-08-01,0.0,1
2020-08-05,-0.4767,1
2020-08-07,-0.4767,1
2020-08-16,0.0,1
2020-08-18,0.0,1
2020-08-19,0.0,1
2020-08-29,-0.4767,1
2020-08-30,-0.1779,1
2020-09-01,0.0,1
2020-09-05,0.0,2
2020-09-08,-0.5106,1
2020-09-14,-0.1027,1
2020-09-23,-0.5719,1
2020-10-14,-0.3182,1
2020-10-20,0.0,1
2020-10-27,0.0,1
2020-11-06,0.0,1
2020-11-11,-0.5267,1
2020-11-13,-0.4939,1
2020-11-15,0.2023,1
2020-11-17,0.0,1
2020-11-20,0.0,2
2020-11-21,0.0,1
2020-11-22,0.5267,1
2020-11-24,0.20095,2
2020-11-25,0.4767,1
2020-11-28,0.0,1
2020-12-02,0.0,1
2020-12-03,0.0,1
2020-12-05,0.0,1
2020-12-09,0.08895,2
2020-12-10,0.4019,1
2020-12-11,0.2263,1
2020-12-12,-0.1027,1
2020-12-13,0.0,1
2020-12-15,0.10115,2
2020-12-17,0.0,1
2020-12-19,0.318,2
2020-12-21,-0.7579,1
2020-12-23,-0.2263,1
2020-12-24,0.0,1
2020-12-28,0.0,1
2020-12-30,0.4019,1
2020-12-31,0.1953,3
2021-01-02,0.3393333333333333,3
2021-01-04,-0.3182,1
2021-01-05,0.5600333333333333,3
2021-01-08,0.8934,1
2021-01-10,0.9325,1
2021-01-12,0.2024,3
2021-01-13,0.2919,3
2021-01-14,-0.5423,1
2021-01-15,0.22513333333333332,3
2021-01-16,-0.9159,1
2021-01-17,-0.026000000000000023,2
2021-01-18,0.8625,1
2021-01-19,0.0,1
2021-01-21,0.48583333333333334,3
2021-01-22,0.0,1
2021-01-24,0.6369,1
2021-01-25,0.5574,1
2021-01-26,0.6908,1
2021-01-31,0.765,1
2021-02-02,0.20055714285714285,7
2021-02-03,0.30666666666666664,3
2021-02-04,0.22286,5
2021-02-05,0.48178,5
2021-02-06,0.4146,3
2021-02-07,0.32106666666666667,3
2021-02-08,0.21075,2
2021-02-09,0.7314,4
2021-02-10,0.5991500000000001,2
2021-02-11,0.8402,1
2021-02-12,0.91,1
2021-02-13,0.0836,1
2021-02-14,0.6977333333333333,3
2021-02-15,-0.148,2
2021-02-16,0.74985,2
2021-02-17,-0.15575000000000003,2
2021-02-18,0.2543666666666667,3
2021-02-19,0.0013999999999999885,7
2021-02-20,0.56395,2
2021-02-21,0.2972,2
2021-02-22,0.058816666666666656,6
2021-02-23,-0.03076249999999999,8
2021-02-24,0.02063333333333332,3
2021-02-25,0.5432333333333333,6
2021-02-26,0.8083666666666667,3
2021-02-27,-0.2784333333333333,3
2021-02-28,-0.14239999999999997,3
2021-03-01,0.12861666666666668,6
2021-03-02,0.24142000000000002,5
2021-03-03,0.028549999999999964,4
2021-03-04,0.34467499999999995,4
2021-03-05,0.05216666666666666,3
2021-03-06,-0.296,1
2021-03-07,0.901,2
2021-03-08,0.4236,3
2021-03-09,-0.2985333333333334,3
2021-03-11,0.44026666666666664,3
2021-03-12,0.7579,1
2021-03-13,0.14215000000000003,2
2021-03-14,0.3799666666666666,3
2021-03-15,-0.44245,2
2021-03-16,0.554375,4
2021-03-17,0.23108333333333334,6
2021-03-19,0.2164,3
2021-03-20,-0.20055,4
2021-03-21,0.3625,2
2021-03-22,0.0,1
2021-03-23,0.53144,5
2021-03-24,9.999999999998899e-05,5
2021-03-25,0.08035,4
2021-03-26,0.5680999999999999,3
2021-03-27,-0.25,1
2021-03-28,0.627275,4
2021-03-29,0.23357142857142857,14
2021-03-30,0.4319333333333333,3
2021-03-31,0.4413125,8
2021-04-01,0.3617333333333333,3
2021-04-02,0.5284833333333333,6
2021-04-03,0.539525,4
2021-04-04,-0.20249999999999999,3
2021-04-05,0.9548,1
2021-04-06,0.36652,5
2021-04-07,0.8176,1
2021-04-08,0.42634285714285713,7
2021-04-09,0.4184666666666667,3
2021-04-10,0.0679,4
2021-04-11,0.0,2
2021-04-12,0.2614,7
2021-04-13,0.364,4
2021-04-14,0.4694,2
2021-04-15,0.28994,5
2021-04-16,0.297775,4
2021-04-17,0.34895,2
2021-04-18,-0.25134999999999996,4
2021-04-19,0.1566,3
2021-04-20,0.5819,5
2021-04-21,0.0009199999999999986,5
2021-04-22,-0.038483333333333335,6
2021-04-23,0.09931428571428572,7
2021-04-24,-0.09962500000000002,4
2021-04-25,0.4845,3
2021-04-26,0.3896,5
2021-04-27,0.8042,2
2021-04-28,0.18510000000000004,3
2021-04-29,0.28583333333333333,3
2021-04-30,0.578,3
2021-05-01,0.8786499999999999,4
2021-05-02,0.6908,1
2021-05-03,0.0,4
2021-05-04,0.316875,4
2021-05-05,0.2144,6
2021-05-06,0.2939,5
2021-05-07,0.19546666666666668,6
2021-05-08,0.07234999999999997,2
2021-05-09,0.4204428571428571,7
2021-05-10,0.45289999999999997,4
2021-05-11,0.21076666666666666,6
2021-05-12,0.32355,10
2021-05-13,0.13828333333333334,6
2021-05-14,0.11957499999999999,4
2021-05-15,0.7003,1
2021-05-17,0.09147999999999999,5
2021-05-18,0.19323333333333328,3
2021-05-19,-0.34965,4
2021-05-20,-0.5423,1
2021-05-21,0.37812,5
2021-05-23,-0.2845,6
2021-05-24,-0.14742,5
2021-05-25,0.273675,4
2021-05-26,0.41714444444444443,9
2021-05-27,0.29985999999999996,5
2021-05-28,0.12765,4
2021-05-29,0.059680000000000025,5
2021-05-30,0.42425,2
2021-05-31,0.3828666666666667,6
2021-06-01,0.7645500000000001,2
2021-06-02,0.31498,5
2021-06-03,0.32494999999999996,2
2021-06-04,0.12248,5
2021-06-05,0.53752,5
2021-06-06,0.6178,5
2021-06-07,0.24835,6
2021-06-08,0.2564416666666667,12
2021-06-09,0.3562666666666667,9
2021-06-10,0.6345333333333333,6
2021-06-11,0.1267,6
2021-06-12,-0.012550000000000006,4
2021-06-13,0.43565000000000004,4
2021-06-14,0.7783,1
2021-06-15,0.64475,2
2021-06-16,0.1027,1
2021-06-17,0.3243,2
2021-06-18,0.21814999999999998,4
2021-06-19,0.2582333333333333,3
2021-06-20,0.326025,4
2021-06-21,-0.09773333333333332,3
2021-06-22,0.2554666666666667,6
2021-06-23,0.4929666666666666,3
2021-06-24,0.6327,2
2021-06-25,-0.1348,3
2021-06-26,0.128825,4
2021-06-27,-0.6268,2
2021-06-28,0.28324,5
2021-06-29,-0.006816666666666656,6
2021-06-30,0.24574285714285712,7
2021-07-01,0.26855,4
2021-07-02,0.01434000000000002,5
2021-07-03,0.1607,5
2021-07-04,0.5195000000000001,4
2021-07-05,0.4750666666666667,3
2021-07-06,0.2235,3
2021-07-07,0.3575,4
2021-07-08,0.2023,1
2021-07-09,0.39893333333333336,6
2021-07-10,0.22737500000000002,4
2021-07-11,0.029974999999999974,4
2021-07-12,0.081425,4
2021-07-13,0.42405,2
2021-07-14,0.09584999999999999,4
2021-07-15,-0.6605,2
2021-07-16,-0.1876,7
2021-07-17,0.4215,1
2021-07-18,0.012299999999999978,2
2021-07-19,0.27115,2
2021-07-20,0.04943333333333333,3
2021-07-21,0.40080000000000005,2
2021-07-22,0.2898,4
2021-07-23,-0.058866666666666644,3
2021-07-24,0.54,1
2021-07-25,0.4019,1
2021-07-26,0.1779,1
2021-07-27,0.2023,1
2021-07-28,-0.7845,1
2021-07-30,0.0,1
2021-07-31,0.183,2
2021-08-01,0.7003,1
2021-08-02,0.8934,1
2021-08-03,-0.09979999999999999,2
2021-08-04,-0.1968,3
2021-08-05,-0.064,2
2021-08-06,0.45985,4
2021-08-07,0.6249,1
2021-08-08,0.8176,1
2021-08-09,0.29784999999999995,4
2021-08-10,-0.25723333333333337,3
2021-08-11,0.22285,8
2021-08-12,0.36323333333333335,3
2021-08-13,-0.007266666666666681,3
2021-08-14,0.34,1
2021-08-15,0.287225,4
2021-08-16,0.33092,5
2021-08-17,0.27275,2
2021-08-18,0.24611666666666668,6
2021-08-19,0.32988,5
2021-08-20,0.59745,6
2021-08-23,0.44744,5
2021-08-24,0.1027,2
2021-08-25,0.06093333333333332,6
2021-08-26,0.30451428571428574,7
2021-08-27,0.1128076923076923,13
2021-08-28,0.45985,4
2021-08-29,0.16516666666666666,3
2021-08-30,0.35015,2
2021-08-31,0.0863,5
2021-09-01,0.45824,5
2021-09-02,0.48141999999999996,5
2021-09-03,0.2619857142857143,7
2021-09-04,0.03884,5
2021-09-05,0.47856666666666664,3
2021-09-06,0.416825,4
2021-09-07,-0.08647999999999999,5
2021-09-08,-0.08798750000000001,8
2021-09-09,-0.9025,1
2021-09-10,0.9391,1
2021-09-11,-0.37256,5
2021-09-12,0.5922333333333333,3
2021-09-13,-0.08580000000000002,2
2021-09-14,0.49914444444444445,9
2021-09-15,0.4885363636363636,11
2021-09-16,0.4658555555555556,9
2021-09-17,-0.02518,5
2021-09-18,0.3298333333333333,3
2021-09-19,0.512625,4
2021-09-20,0.2998625,8
2021-09-21,-0.17644285714285715,7
2021-09-22,0.26988,5
2021-09-23,-0.03508,5
2021-09-24,-0.13236666666666666,9
2021-09-25,-0.03250000000000001,3
2021-09-26,0.6913,2
2021-09-27,-0.004714285714285719,14
2021-09-28,-0.418175,4
2021-09-29,0.22165999999999997,10
2021-09-30,0.44742,5
2021-10-01,0.43268000000000006,10
2021-10-02,0.36329999999999996,4
2021-10-03,0.371,6
2021-10-04,0.46825000000000006,4
2021-10-05,0.00736666666666667,3
2021-10-06,0.19165000000000004,2
2021-10-07,0.5538,3
2021-10-08,-0.21914999999999998,2
2021-10-09,0.35180000000000006,3
2021-10-10,0.7884,1
2021-10-11,-0.7096,1
2021-10-12,0.11326,5
2021-10-13,0.2156875,8
2021-10-14,0.41352222222222224,9
2021-10-15,0.5891,2
2021-10-16,0.47902500000000003,4
2021-10-17,0.63035,2
2021-10-18,-0.41355,2
2021-10-19,0.4578333333333333,3
2021-10-20,0.7431,4
2021-10-21,0.1081,5
2021-10-22,0.19038,5
2021-10-23,0.0754,1
2021-10-24,0.43578,5
2021-10-25,0.4629142857142857,7
2021-10-26,0.6265,6
2021-10-27,0.20397777777777779,9
2021-10-28,0.05416666666666667,3
2021-10-29,-0.09339999999999998,4
2021-10-30,0.4696,2
2021-10-31,0.44675,2
2021-11-01,0.63415,4
2021-11-02,0.4225375,8
2021-11-03,0.51195,6
2021-11-04,0.13746666666666665,6
2021-11-05,0.589075,4
2021-11-06,0.38575,2
2021-11-07,0.458325,4
2021-11-08,0.18737142857142855,7
2021-11-09,0.04125714285714287,7
2021-11-10,0.2857,4
2021-11-11,0.21278333333333332,6
2021-11-12,0.26716666666666666,3
2021-11-13,0.6804625,8
2021-11-14,0.0,1
2021-11-15,0.038979999999999994,5
2021-11-16,0.5878,5
2021-11-17,0.7635571428571428,7
2021-11-18,0.30036,5
2021-11-19,0.76714,5
2021-11-20,0.6056333333333334,3
2021-11-21,0.050185714285714285,7
2021-11-22,0.595325,8
2021-11-23,0.31191250000000004,8
2021-11-24,0.4143142857142857,7
2021-11-25,0.27586,5
2021-11-26,-0.29985,2
2021-11-27,0.6233333333333334,3
2021-11-28,0.28356,5
2021-11-29,0.30514285714285716,7
2021-11-30,0.13168,10
2021-12-01,0.32189999999999996,10
2021-12-02,0.4019,12
2021-12-03,0.2348909090909091,11
2021-12-04,0.31853333333333333,6
2021-12-05,-0.07551428571428571,7
2021-12-06,0.14250909090909092,11
2021-12-07,0.1674,3
2021-12-08,0.5072099999999999,10
2021-12-09,0.37033,10
2021-12-10,0.19779166666666667,12
2021-12-11,0.23696666666666666,6
2021-12-12,0.011269999999999997,10
2021-12-13,0.27684375,16
2021-12-14,0.31275555555555556,9
2021-12-15,0.2649875,8
2021-12-16,0.37614000000000003,15
2021-12-17,0.2955,8
2021-12-18,0.45,7
2021-12-19,0.4699,6
2021-12-20,0.024512500000000007,8
2021-12-21,0.24325,14
2021-12-22,0.45616666666666666,15
2021-12-23,0.27864545454545453,11
2021-12-24,0.5674555555555556,9
2021-12-25,0.6045833333333334,6
2021-12-26,0.38363,10
2021-12-27,0.44333,10
2021-12-28,-0.135925,8
2021-12-29,0.35451666666666665,18
2021-12-30,0.4822222222222222,9
2021-12-31,0.31728,5
2022-01-01,0.33382,5
2022-01-02,0.35309999999999997,8
2022-01-03,0.24609999999999999,8
2022-01-04,0.41991666666666666,12
2022-01-05,0.31581000000000004,10
2022-01-06,0.08622857142857142,7
2022-01-07,0.09416363636363637,11
2022-01-08,0.14088888888888887,9
2022-01-09,-0.05506,5
2022-01-10,0.24472307692307693,13
2022-01-11,0.30425833333333335,12
2022-01-12,0.297825,12
2022-01-13,0.4386333333333334,9
2022-01-14,0.2969176470588235,17
2022-01-15,0.2377,2
2022-01-16,0.5723,7
2022-01-17,0.29051333333333335,15
2022-01-18,0.2186,15
2022-01-19,0.33613333333333334,12
2022-01-20,0.13596363636363637,11
2022-01-21,-0.031933333333333334,12
2022-01-22,0.21345555555555557,9
2022-01-23,0.31052857142857143,7
2022-01-24,0.04505555555555557,18
2022-01-25,0.22011111111111112,18
2022-01-26,0.3031375,16
2022-01-27,0.14084000000000002,10
2022-01-28,0.05532222222222222,9
2022-01-29,0.313175,8
2022-01-30,0.6160571428571429,7
2022-01-31,0.29422222222222216,9
2022-02-01,0.31665,8
2022-02-02,-0.322125,12
2022-02-03,-0.04260714285714284,14
2022-02-04,0.43254166666666666,12
2022-02-05,0.20165555555555556,9
2022-02-06,0.5993499999999999,6
2022-02-07,0.3565,15
2022-02-08,0.4542727272727273,11
2022-02-09,0.5747833333333333,6
2022-02-10,0.43414615384615385,13
2022-02-11,0.33130000000000004,11
2022-02-12,0.570175,4
2022-02-13,0.18642,5
2022-02-14,0.4321285714285715,7
2022-02-15,0.19371764705882355,17
2022-02-16,0.25623684210526315,19
2022-02-17,0.24244285714285715,14
2022-02-18,0.3211363636363636,11
2022-02-19,0.24486249999999998,8
2022-02-20,0.22249999999999998,5
2022-02-21,0.12139,10
2022-02-22,0.09456875000000001,16
2022-02-23,0.35886666666666667,12
2022-02-24,-0.03133333333333333,6
2022-02-25,0.3125375,8
2022-02-26,0.32857142857142857,7
2022-02-27,0.3748625,8
2022-02-28,0.22456,10
2022-03-01,0.2979066666666667,15
2022-03-02,0.22405,12
2022-03-03,0.02004999999999999,14
2022-03-04,-0.011039999999999984,5
2022-03-05,0.004399999999999982,5
2022-03-06,0.0918375,8
2022-03-07,0.22160000000000002,12
2022-03-08,0.13132222222222223,9
2022-03-09,0.2617631578947368,19
2022-03-10,0.3629888888888889,9
2022-03-11,0.1183625,8
2022-03-12,0.48979999999999996,6
2022-03-13,0.2977230769230769,13
2022-03-14,0.06459333333333334,15
2022-03-15,0.20427142857142858,14
2022-03-16,0.24980909090909095,11
2022-03-17,0.16028333333333333,12
2022-03-18,0.32567500000000005,8
2022-03-19,0.5165666666666667,6
2022-03-20,0.3100833333333333,12
2022-03-21,0.3277071428571428,14
2022-03-22,0.27856153846153847,13
2022-03-23,0.14647272727272728,22
2022-03-24,0.30793333333333334,12
2022-03-25,0.0897222222222222,9
2022-03-26,0.2616636363636364,11
2022-03-27,0.5769333333333333,9
2022-03-28,0.4820642857142857,14
2022-03-29,0.08022857142857143,21
2022-03-30,0.131215,20
2022-03-31,0.12355833333333333,12
2022-04-01,0.15588333333333335,6
2022-04-02,0.3082,5
2022-04-03,0.36634545454545453,11
2022-04-04,0.0633125,8
2022-04-05,-0.09581666666666666,6
2022-04-06,0.34524,10
2022-04-07,0.23205,10
2022-04-08,0.36345714285714287,14
2022-04-09,0.6088,5
2022-04-10,0.29441249999999997,8
2022-04-11,0.11376153846153846,13
2022-04-12,0.15055,12
2022-04-13,-0.04399166666666666,12
2022-04-14,0.20809999999999998,4
2022-04-15,0.15866666666666665,9
2022-04-16,0.4042,4
2022-04-17,-0.18676666666666666,6
2022-04-18,0.22476153846153846,13
2022-04-19,0.009154545454545455,11
2022-04-20,0.07896999999999998,10
2022-04-21,0.43335333333333337,15
2022-04-22,-0.07136666666666665,6
2022-04-23,0.24281818181818185,11
2022-04-24,0.350675,4
2022-04-25,0.04058749999999999,8
2022-04-26,0.3213,11
2022-04-27,-0.008916666666666675,6
2022-04-28,0.04624166666666665,12
2022-04-29,0.281475,8
2022-04-30,0.09129999999999999,5
2022-05-01,0.289575,4
2022-05-02,-0.08600555555555557,18
2022-05-03,0.13579166666666667,12
2022-05-04,0.17458333333333334,18
2022-05-05,0.17275833333333335,12
2022-05-06,0.13619166666666666,12
2022-05-07,0.1975,6
2022-05-08,0.17509166666666667,12
2022-05-09,-0.015293750000000009,16
2022-05-10,-0.041475000000000005,12
2022-05-11,0.13517500000000002,8
2022-05-12,0.027051999999999996,25
2022-05-13,0.1476,11
2022-05-14,0.23066,5
2022-05-15,0.19856666666666664,6
2022-05-16,0.19553333333333334,6
2022-05-17,0.11054666666666665,15
2022-05-18,0.24689375,16
2022-05-19,0.1441529411764706,17
2022-05-20,0.07916363636363637,11
2022-05-21,-0.1083,8
2022-05-22,0.1951,4
2022-05-23,0.20201052631578947,19
2022-05-24,0.08279333333333333,15
2022-05-25,-0.05702083333333333,24
2022-05-26,0.19324,15
2022-05-27,-0.027300000000000012,22
2022-05-28,-0.04332222222222225,9
2022-05-29,0.30472,10
2022-05-30,0.1799818181818182,22
2022-05-31,0.14099090909090908,22
2022-06-01,0.36888125,16
2022-06-02,0.11788888888888888,18
2022-06-03,0.05528695652173914,23
2022-06-04,-0.13774117647058823,17
2022-06-05,-0.10571818181818182,22
2022-06-06,0.08794857142857142,35
2022-06-07,0.005959374999999999,64
2022-06-08,0.11707916666666666,48
2022-06-09,0.17608275862068967,29
2022-06-10,-0.6003,1
2022-06-11,0.7726999999999999,4
2022-06-13,0.12386666666666667,3
2022-06-14,0.054266666666666664,3
2022-06-15,0.0413,3
2022-06-16,-0.0866,4
2022-06-18,-0.7269,1
2022-06-19,0.0121,2
2022-06-20,0.411175,4
2022-06-21,0.3827,2
2022-06-22,0.1909,2
2022-06-23,-0.39755,2
2022-06-24,0.13929999999999998,6
2022-06-25,0.8531,2
2022-06-27,0.5996,3
2022-06-28,-0.15813333333333335,3
2022-06-29,0.3756,5
2022-06-30,0.28495000000000004,2
2022-07-02,-0.7357,1
2022-07-03,0.38295,2
2022-07-04,0.7003,1
2022-07-05,0.38833333333333336,3
2022-07-07,0.012800000000000002,2
2022-07-08,0.4376333333333333,3
2022-07-09,0.6369,1
2022-07-10,0.13130000000000003,2
2022-07-11,0.4678,1
2022-07-12,-0.8227,2
2022-07-13,0.04026666666666667,3
2022-07-14,0.8584999999999999,3
2022-07-15,0.5993999999999999,4
2022-07-16,0.48418,5
2022-07-18,0.6381333333333333,3
2022-07-19,-0.013819999999999999,5
2022-07-20,0.4357666666666667,3
2022-07-21,0.1953,3
2022-07-22,0.10957499999999999,4
2022-07-23,0.0,1
2022-07-25,0.2158,3
2022-07-26,0.63398,5
2022-07-27,0.64222,5
2022-07-28,-0.030200000000000005,2
2022-07-29,0.178875,4
2022-07-30,0.6977,2
2022-07-31,0.2044,2
2022-08-01,0.29660000000000003,3
2022-08-02,0.31486000000000003,5
2022-08-03,0.13703333333333334,3
2022-08-04,-0.30604999999999993,2
2022-08-05,0.81675,2
2022-08-06,0.5646249999999999,4
2022-08-07,0.44602,5
2022-08-08,0.18832727272727273,11
2022-08-09,-0.035450000000000016,8
2022-08-10,0.622375,4
2022-08-11,0.2758833333333333,6
2022-08-12,0.34,1
2022-08-13,0.10518000000000001,5
2022-08-14,0.44506666666666667,3
2022-08-15,0.4063,2
2022-08-16,0.3859,5
2022-08-17,-0.9153,1
2022-08-18,0.20143333333333335,6
2022-08-19,0.2906666666666667,3
2022-08-20,-0.6249,1
2022-08-21,0.6326,1
2022-08-22,0.5104,2
2022-08-23,0.06283999999999998,5
2022-08-24,0.380175,4
2022-08-25,0.8126,1
2022-08-26,-0.4659333333333333,3
2022-08-27,0.021720000000000017,5
2022-08-28,-0.34,1
2022-08-29,0.6820999999999999,2
2022-08-31,0.19224999999999998,2
2022-09-01,0.5650666666666667,3
2022-09-02,0.7906,1
2022-09-03,0.7579,1
2022-09-04,0.5922499999999999,2
2022-09-05,0.337775,4
2022-09-06,0.11465,8
2022-09-07,-0.7335,1
2022-09-08,0.10050000000000002,4
2022-09-09,0.36705714285714286,7
2022-09-10,0.5423,1
2022-09-11,0.7506,1
2022-09-12,0.37088,5
2022-09-13,0.10212000000000002,5
2022-09-14,0.20115000000000002,6
2022-09-15,0.2253625,8
2022-09-16,-0.09609999999999999,5
2022-09-17,0.0772,1
2022-09-18,0.3818,1
2022-09-19,0.45855,2
2022-09-20,-0.04259999999999999,3
2022-09-21,0.3347,9
2022-09-22,0.06609999999999999,2
2022-09-23,0.0455125,8
2022-09-24,0.74275,4
2022-09-25,0.08647142857142856,7
2022-09-26,0.19955,2
2022-09-27,-0.09352499999999998,4
2022-09-28,-0.27446,5
2022-09-29,-0.2026,3
2022-09-30,0.03325,4
2022-10-01,0.09894285714285715,7
2022-10-02,-0.030666666666666675,3
2022-10-03,0.05015,4
2022-10-04,0.36446666666666666,3
2022-10-05,0.3096666666666667,3
2022-10-06,0.428825,4
2022-10-07,0.045050000000000034,4
2022-10-08,0.74005,2
2022-10-09,0.48995,2
2022-10-10,0.5300166666666667,6
2022-10-11,-0.0258,1
2022-10-13,0.10548000000000002,5
2022-10-14,0.2445,2
2022-10-15,-0.18805,2
2022-10-16,0.007425000000000015,4
2022-10-17,0.09920000000000001,4
2022-10-18,0.26385,2
2022-10-19,0.19657499999999997,4
2022-10-20,0.08895,2
2022-10-21,0.6486,1
2022-10-22,0.5106,1
2022-10-23,0.0,1
2022-10-24,0.021340000000000005,5
2022-10-25,-0.5574,1
2022-10-26,0.1780142857142857,7
2022-10-27,0.20821250000000002,8
2022-10-28,0.01352500000000001,4
2022-10-29,-0.20577499999999999,4
2022-10-30,0.0,1
2022-10-31,-0.6597,1
2022-11-02,0.44464,5
2022-11-03,0.30195,2
2022-11-04,0.5501,2
2022-11-05,-0.0516,1
2022-11-07,0.39195,4
2022-11-08,0.6597,1
2022-11-09,0.5106,1
2022-11-11,0.1007,1
2022-11-12,-0.015699999999999992,2
2022-11-13,-0.3252333333333333,6
2022-11-14,0.27143333333333336,3
2022-11-16,-0.19255,4
2022-11-17,0.7964,1
2022-11-18,-0.27705,4
2022-11-19,-0.8009999999999999,2
2022-11-20,-0.23076666666666668,3
2022-11-21,0.12630000000000002,5
2022-11-22,-0.35135,4
2022-11-23,0.20516,5
2022-11-24,0.06572857142857143,7
2022-11-25,0.35867777777777776,9
2022-11-26,0.43756666666666666,3
2022-11-28,0.8316,1
2022-11-29,0.26,4
2022-11-30,-0.03669999999999998,4
2022-12-01,0.22409999999999997,5
2022-12-02,0.0,1
2022-12-03,0.7007000000000001,2
2022-12-04,0.93,1
2022-12-05,0.5187,1
2022-12-06,0.2787,2
2022-12-07,0.5511,2
2022-12-08,-0.25644999999999996,2
2022-12-09,0.3847666666666667,3
2022-12-10,-0.2975,1
2022-12-12,0.7906,1
2022-12-13,0.27271666666666666,6
2022-12-14,0.07203333333333335,3
2022-12-15,0.09225,4
2022-12-16,-0.12533333333333332,3
2022-12-17,-0.25,1
2022-12-19,0.4316,2
2022-12-22,0.20914000000000002,5
2022-12-24,0.23765,4
2022-12-25,0.0,1
2022-12-26,0.062433333333333375,3
2022-12-29,-0.4404,1
2022-12-30,0.47256666666666663,3
2022-12-31,-0.22286666666666666,3
2023-01-01,0.34,1
2023-01-03,0.4767,1
2023-01-05,0.76735,2
2023-01-06,0.014499999999999994,3
2023-01-07,0.743,1
2023-01-08,-0.46685,2
2023-01-09,0.5187,1
2023-01-10,0.6705,1
2023-01-11,0.0,1
2023-01-12,-0.3818,1
2023-01-13,0.0,2
2023-01-15,0.261,2
2023-01-16,-0.08333333333333333,3
2023-01-17,0.33155,2
2023-01-18,-0.7312,1
2023-01-19,0.24655000000000002,2
2023-01-21,0.0,3
2023-01-22,0.77205,2
2023-01-23,0.1677,4
2023-01-24,0.34,1
2023-01-26,0.29295,2
2023-01-27,0.4678,1
2023-02-01,0.5719,1
2023-02-03,0.0,1
2023-02-04,0.8779,1
2023-02-05,0.2194,3
2023-02-06,0.4767,1
2023-02-07,-0.028799999999999992,2
2023-02-08,0.39385,2
2023-02-09,-0.03175,2
2023-02-10,-0.4939,1
2023-02-11,0.5267,1
2023-02-12,0.6387,2
2023-02-13,-0.6705,1
2023-02-14,0.0,1
2023-02-15,0.50335,2
2023-02-16,0.5413,3
2023-02-17,0.6486,1
2023-02-18,0.40019999999999994,3
2023-02-19,0.2023,1
2023-02-21,0.3182,1
2023-02-22,0.0,2
2023-02-23,0.43096666666666666,3
2023-02-24,-0.148,2
2023-02-25,0.5106,1
2023-02-26,0.2235,2
2023-02-28,0.12376666666666665,6
2023-03-01,0.5350666666666667,3
2023-03-02,0.2021,2
2023-03-03,0.1781,3
2023-03-04,0.1191,2
2023-03-05,-0.031966666666666664,3
2023-03-06,0.4215,1
2023-03-09,0.7269,1
2023-03-10,-0.214025,4
2023-03-11,-0.05939999999999998,2
2023-03-13,-0.21163333333333334,3
2023-03-14,0.5859,1
2023-03-15,0.3187666666666667,3
2023-03-16,0.175525,4
2023-03-17,0.10774999999999998,2
2023-03-18,0.5994,1
2023-03-19,0.34,1
2023-03-21,0.79365,2
2023-03-23,-0.11315,2
2023-03-24,0.16866666666666666,3
2023-03-25,0.28175,2
2023-03-26,0.1529,2
2023-03-27,-0.0948,4
2023-03-29,0.2263,1
2023-03-31,0.599,4
2023-04-02,-0.57225,2
2023-04-03,0.47394,5
2023-04-04,0.389075,4
2023-04-05,0.45044000000000006,5
2023-04-06,0.4218,2
2023-04-07,0.604275,4
2023-04-09,0.5719,1
2023-04-10,0.46167500000000006,4
2023-04-11,0.311425,4
2023-04-12,0.31464285714285717,7
2023-04-13,0.39988333333333337,6
2023-04-14,0.37672,5
2023-04-16,-0.4767,1
2023-04-17,0.25445,4
2023-04-18,0.31445,4
2023-04-19,0.31475000000000003,6
2023-04-20,0.05062,5
2023-04-21,-0.1531,1
2023-04-22,0.5175333333333333,3
2023-04-23,-0.2288,2
2023-04-24,0.2513666666666667,3
2023-04-25,0.13176000000000002,5
2023-04-26,0.1749,4
2023-04-27,0.07636,5
2023-04-28,0.025259999999999994,5
2023-04-29,0.69,1
2023-04-30,0.28963333333333335,3
2023-05-01,0.3945166666666667,6
2023-05-02,0.1995375,8
2023-05-03,0.27051111111111115,9
2023-05-04,0.35326,10
2023-05-05,0.23966000000000004,5
2023-05-06,0.2875,5
2023-05-07,0.42169999999999996,3
2023-05-08,0.2496375,8
2023-05-09,0.1265642857142857,14
2023-05-10,0.06381666666666667,12
2023-05-11,0.27343333333333336,9
2023-05-12,0.40376666666666666,9
2023-05-13,0.0193,4
2023-05-14,0.0,1
2023-05-15,0.34402,5
2023-05-16,0.21843636363636365,11
2023-05-17,0.17332727272727275,11
2023-05-18,0.3475214285714286,14
2023-05-19,0.173675,16
2023-05-20,-0.07945,2
2023-05-21,0.24023333333333333,3
2023-05-22,0.28017777777777775,9
2023-05-23,0.11205454545454546,11
2023-05-24,0.1931153846153846,13
2023-05-25,0.19665833333333335,12
2023-05-26,0.19762222222222223,9
2023-05-27,-0.06049999999999999,3
2023-05-28,-0.119175,4
2023-05-29,0.3487833333333333,6
2023-05-30,-0.03458888888888889,9
2023-05-31,0.31116,10
2023-06-01,0.25296,15
2023-06-02,0.2286388888888889,18
2023-06-03,0.2750333333333333,6
2023-06-04,0.05520000000000001,7
2023-06-05,0.35003333333333336,6
2023-06-06,0.4164428571428571,7
2023-06-07,0.40063846153846155,13
2023-06-08,0.09384999999999999,10
2023-06-09,0.0794181818181818,11
2023-06-10,0.42743333333333333,3
2023-06-11,-0.019299999999999998,4
2023-06-12,0.2832692307692308,13
2023-06-13,0.2884272727272727,11
2023-06-14,0.2502083333333333,12
2023-06-15,0.1382142857142857,14
2023-06-16,0.017471428571428575,14
2023-06-17,0.12085714285714287,7
2023-06-18,-0.1796,4
2023-06-19,0.29652500000000004,8
2023-06-20,0.2633375,16
2023-06-21,0.15888333333333335,12
2023-06-22,0.33856923076923073,13
2023-06-23,0.15698571428571428,7
2023-06-24,-0.005366666666666631,3
2023-06-25,0.09106666666666667,3
2023-06-26,0.3303916666666667,12
2023-06-27,-0.017506666666666663,15
2023-06-28,0.13786,10
2023-06-29,0.3858375,8
2023-06-30,-0.008876923076923083,13
2023-07-01,0.14049999999999999,3
2023-07-02,0.1884923076923077,13
2023-07-03,0.21029166666666665,12
2023-07-04,0.303,6
2023-07-05,0.070525,12
2023-07-06,0.044376470588235295,17
2023-07-07,0.19196153846153846,39
2023-07-08,0.31547000000000003,20
2023-07-09,0.48064444444444443,9
2023-07-10,0.26848181818181815,33
2023-07-11,0.36179666666666666,30
2023-07-12,0.3720705882352941,17
2023-07-13,0.08673750000000001,8
2023-07-14,0.30835,6
2023-07-16,0.0,3
2023-07-17,-0.012877777777777773,18
2023-07-18,0.084,6
2023-07-19,0.14032222222222224,9
2023-07-20,0.44044,5
2023-07-21,-0.09844285714285715,7
2023-07-22,-0.20348000000000002,5
2023-07-23,0.23223333333333337,3
2023-07-24,0.08877142857142858,7
2023-07-25,-0.083975,4
2023-07-26,-0.0038500000000000014,6
2023-07-27,0.360825,4
2023-07-28,0.12724,5
2023-07-29,0.17024999999999998,4
2023-07-30,-0.21265,4
2023-07-31,0.23379999999999998,6
2023-08-01,-0.2658,8
2023-08-02,0.30727499999999996,4
2023-08-03,0.030929999999999996,10
2023-08-04,0.06061111111111111,9
2023-08-05,0.09835000000000002,2
2023-08-06,-0.6124,1
2023-08-07,-0.060625,8
2023-08-08,0.2393833333333333,12
2023-08-09,0.1507222222222222,9
2023-08-10,0.19305384615384616,13
2023-08-11,0.15826250000000003,8
2023-08-12,0.08479999999999999,5
2023-08-13,0.3369333333333333,6
2023-08-14,0.026283333333333343,6
2023-08-15,0.13182,5
2023-08-16,0.1399875,8
2023-08-17,0.093375,8
2023-08-18,-0.35958333333333337,6
2023-08-19,0.0194,1
2023-08-20,0.08052500000000001,4
2023-08-21,-0.021342857142857143,7
2023-08-22,-0.18578,5
2023-08-23,-0.12765,4
2023-08-24,0.05370909090909091,11
2023-08-25,-0.0296625,8
2023-08-26,-0.1239,3
2023-08-27,0.13396666666666665,3
2023-08-28,0.011775000000000028,4
2023-08-29,0.207325,8
2023-08-30,0.2573111111111111,9
2023-08-31,0.3130428571428571,7
2023-09-01,-0.10928333333333333,6
2023-09-02,-0.164925,4
2023-09-03,0.059399999999999974,3
2023-09-04,0.2172285714285714,7
2023-09-05,0.060562500000000005,8
2023-09-06,-0.04358750000000001,8
2023-09-07,-0.22710000000000002,4
2023-09-08,0.1614888888888889,9
2023-09-09,0.0086,3
2023-09-10,0.11786,5
2023-09-11,-0.1661,10
2023-09-12,0.18377142857142856,7
2023-09-13,-0.087725,8
2023-09-14,0.22745,10
2023-09-15,0.06264166666666666,12
2023-09-16,0.03775714285714286,7
2023-09-17,0.3912,3
2023-09-18,0.008712499999999998,8
2023-09-19,0.18069,10
2023-09-20,-0.01378571428571429,7
2023-09-21,0.22462307692307693,13
2023-09-22,0.05466666666666667,9
2023-09-23,-0.0086,3
2023-09-24,0.14652500000000002,8
2023-09-25,-0.2057923076923077,13
2023-09-26,0.042300000000000004,11
2023-09-27,-0.008119999999999997,15
2023-09-28,0.19275454545454548,11
2023-09-29,0.13835555555555556,9
2023-09-30,0.0753111111111111,9
2023-10-01,0.13623846153846156,13
2023-10-02,0.14903076923076922,13
2023-10-03,0.19974545454545456,11
2023-10-04,0.04178571428571428,7
2023-10-05,0.07896666666666667,6
2023-10-06,0.09097142857142858,7
2023-10-07,-0.09015999999999999,10
2023-10-08,0.09416666666666666,6
2023-10-09,-0.1839818181818182,11
2023-10-10,-0.06281111111111111,9
2023-10-11,-0.019677777777777773,18
2023-10-12,0.08240833333333335,12
2023-10-13,-0.17884999999999998,6
2023-10-14,0.4758,2
2023-10-15,-0.1733,4
2023-10-16,0.2235357142857143,14
2023-10-17,-0.05813999999999998,10
2023-10-18,0.012874999999999998,16
2023-10-19,-0.03696363636363636,11
2023-10-20,0.19896153846153847,13
2023-10-21,0.34003333333333335,3
2023-10-22,-0.17,2
2023-10-23,0.41991428571428574,7
2023-10-24,0.0986875,8
2023-10-25,0.008064285714285718,14
2023-10-26,0.3034875,8
2023-10-27,0.0039076923076923125,13
2023-10-28,-0.11161666666666666,6
2023-10-29,0.21231999999999998,5
2023-10-30,0.28186363636363637,11
2023-10-31,0.018925000000000004,16
2023-11-01,-0.042300000000000004,14
2023-11-02,0.3291266666666666,15
2023-11-03,0.027007692307692312,13
2023-11-04,0.08299999999999999,8
2023-11-05,0.3275,2
2023-11-06,0.04986363636363636,11
2023-11-07,0.12440000000000001,16
2023-11-08,0.2567875,16
2023-11-09,0.2342684210526316,19
2023-11-10,0.11915416666666667,24
2023-11-11,0.3868142857142857,7
2023-11-12,0.12498000000000001,5
2023-11-13,0.0033300000000000005,30
2023-11-14,0.10072727272727272,22
2023-11-15,0.14308214285714288,28
2023-11-16,0.13367948717948716,39
2023-11-17,0.05395200000000001,25
2023-11-18,0.09402142857142858,14
2023-11-19,0.08120769230769233,13
2023-11-20,0.07580526315789475,19
2023-11-21,0.08180000000000001,10
2023-11-22,-0.03445909090909091,22
2023-11-23,0.14420000000000002,15
2023-11-24,0.19995555555555555,18
2023-11-25,0.013279999999999991,10
2023-11-26,-0.039028571428571426,7
2023-11-27,-0.00672105263157894,19
2023-11-28,0.18558064516129033,31
2023-11-29,0.16802173913043478,23
2023-11-30,0.09021052631578948,19
2023-12-01,0.10704615384615385,26
2023-12-02,0.14575714285714286,14
2023-12-03,0.28018333333333334,18
2023-12-04,0.12009833333333333,60
2023-12-05,0.12890875,80
2023-12-06,0.09040307692307692,65
2023-12-07,0.08417391304347825,46
2023-12-08,-0.009254545454545455,11
2023-12-09,0.154875,4
2023-12-10,0.24455000000000002,4
2023-12-11,-0.131675,4
2023-12-12,0.18208333333333335,6
2023-12-13,0.13466,5
2023-12-14,0.11931666666666668,12
2023-12-15,0.07798000000000002,5
2023-12-16,0.22264,5
2023-12-17,0.31845,2
2023-12-18,0.0,4
2023-12-19,0.5119400000000001,5
2023-12-20,0.32424,10
2023-12-21,0.10085,6
2023-12-22,0.28995714285714286,7
2023-12-23,0.34148,5
2023-12-24,-0.5382,2
2023-12-25,0.24886,5
2023-12-26,0.07427777777777779,9
2023-12-27,0.1958,5
2023-12-28,0.20854999999999996,10
2023-12-29,0.2023,1
2023-12-30,0.20042500000000002,8
2023-12-31,0.06743333333333333,3
2024-01-01,0.14073333333333335,6
2024-01-02,0.2637285714285714,7
2024-01-03,0.06363333333333333,6
2024-01-04,-0.35028333333333334,6
2024-01-05,0.028383333333333347,12
2024-01-06,0.3566285714285714,7
2024-01-08,0.284775,4
2024-01-09,0.06743333333333333,3
2024-01-10,0.09942,10
2024-01-11,0.22945000000000002,20
2024-01-12,0.18583,10
2024-01-13,0.2863,3
2024-01-14,0.3434333333333333,3
2024-01-15,-0.033475000000000005,12
2024-01-16,0.12704444444444443,9
2024-01-17,0.11085714285714286,14
2024-01-18,0.0653714285714286,14
2024-01-19,0.08024999999999999,8
2024-01-20,0.16438750000000002,8
2024-01-21,0.26295714285714283,7
2024-01-22,0.031789473684210534,19
2024-01-23,-0.007996153846153846,26
2024-01-24,0.0030916666666666683,12
2024-01-25,0.10236842105263158,19
2024-01-26,-0.034484999999999995,20
2024-01-27,0.0548,10
2024-01-28,0.039483333333333336,12
2024-01-29,0.24681111111111115,9
2024-01-30,0.21882400000000002,25
2024-01-31,0.11050499999999999,20
2024-02-01,0.020963636363636372,11
2024-02-02,0.2068,4
2024-02-03,0.3274,8
2024-02-04,0.1982714285714286,7
2024-02-05,0.13482083333333333,24
2024-02-06,-0.022125000000000002,20
2024-02-07,0.093235,20
2024-02-08,0.07041111111111112,18
2024-02-09,0.20097058823529412,17
2024-02-10,0.26721666666666666,6
2024-02-11,0.154975,4
2024-02-12,0.2546818181818182,11
2024-02-13,0.27146000000000003,15
2024-02-14,0.024975999999999998,25
2024-02-15,0.23381111111111114,9
2024-02-16,0.16538799999999998,25
2024-02-17,-0.005959999999999988,10
2024-02-18,0.29675,6
2024-02-19,0.22080833333333336,12
2024-02-20,0.17970416666666666,24
2024-02-21,0.059096153846153854,26
2024-02-22,0.12257096774193549,31
2024-02-23,-0.049175862068965515,29
2024-02-24,0.018159999999999992,15
2024-02-25,0.049014285714285726,7
2024-02-26,0.08690434782608694,23
2024-02-27,0.09563,30
2024-02-28,0.19810526315789473,19
2024-02-29,0.0597625,16
2024-03-01,0.1902625,8
2024-03-02,-0.07051666666666666,6
2024-03-04,0.004333333333333331,18
2024-03-05,-0.01055,14
2024-03-06,0.0942318181818182,22
2024-03-07,0.14142142857142856,14
2024-03-08,0.27385238095238096,21
2024-03-09,0.06331666666666666,6
2024-03-10,-0.11316,5
2024-03-11,0.20944,20
2024-03-12,0.24793684210526315,19
2024-03-13,0.175812,25
2024-03-14,0.15925882352941176,17
2024-03-15,-0.054180000000000006,15
2024-03-16,0.0884375,8
2024-03-17,0.28519999999999995,6
2024-03-18,0.20424782608695652,23
2024-03-19,0.12997727272727275,22
2024-03-20,0.1845,32
2024-03-21,0.177125,16
2024-03-22,-0.012543999999999994,25
2024-03-23,-0.103875,8
2024-03-24,0.243,3
2024-03-25,0.06298333333333334,12
2024-03-26,0.1503875,16
2024-03-27,0.07082631578947368,19
2024-03-28,0.11868571428571428,21
2024-03-29,0.13865555555555556,9
2024-03-30,0.4511,2
2024-03-31,-0.17556666666666665,3
2024-04-01,0.15773636363636365,11
2024-04-02,0.08517619047619049,21
2024-04-03,0.012270588235294122,17
2024-04-04,0.29875,22
2024-04-05,0.20858181818181817,22
2024-04-06,0.15808333333333333,6
2024-04-07,0.376025,8
2024-04-08,0.09538095238095239,21
2024-04-09,-0.00406363636363636,11
2024-04-10,0.09480869565217391,23
2024-04-11,0.18752000000000002,15
2024-04-12,0.29623846153846156,13
2024-04-13,0.06743333333333333,3
2024-04-14,0.025099999999999973,3
2024-04-15,0.04811428571428572,14
2024-04-16,0.16572727272727272,22
2024-04-17,0.1524409090909091,22
2024-04-18,0.17285625,16
2024-04-19,0.05906923076923078,13
2024-04-20,0.22252,5
2024-04-21,0.26381666666666664,6
2024-04-22,0.084905,20
2024-04-23,0.17246666666666666,18
2024-04-24,0.15968095238095237,21
2024-04-25,-0.024131818181818178,22
2024-04-26,0.20526875,16
2024-04-27,0.1120090909090909,11
2024-04-28,0.3159,4
2024-04-29,0.06218571428571429,21
2024-04-30,0.11632631578947371,19
2024-05-01,-0.008607999999999996,25
2024-05-02,-0.08374705882352941,17
2024-05-03,0.10837272727272727,11
2024-05-04,0.04820000000000002,5
2024-05-06,-0.022435294117647057,17
2024-05-07,0.10547333333333334,15
2024-05-08,0.06173000000000001,20
2024-05-09,0.20384736842105264,19
2024-05-10,-0.0903888888888889,18
2024-05-11,-0.0780625,8
2024-05-12,0.005700000000000001,6
2024-05-13,-0.05943157894736842,19
2024-05-14,0.12632727272727273,11
2024-05-15,0.13096428571428573,14
2024-05-16,0.05652631578947369,19
2024-05-17,0.21654666666666664,15
2024-05-18,0.18737499999999999,12
2024-05-19,-0.21619999999999998,3
2024-05-20,0.18045999999999998,25
2024-05-21,0.16555399999999998,50
2024-05-22,0.194359375,32
2024-05-23,0.3034897058823529,68
2024-05-24,0.23591960784313726,51
2024-05-25,0.26843,20
2024-05-26,0.13447777777777778,9
2024-05-27,0.2096906976744186,43
2024-05-28,0.16513333333333333,36
2024-05-29,0.1893326086956522,46
2024-05-30,0.057466666666666666,30
2024-05-31,0.06003913043478261,23
2024-06-01,0.011027272727272728,22
2024-06-02,0.13203076923076923,13
2024-06-03,0.1117423076923077,26
2024-06-04,0.20193999999999998,25
2024-06-05,0.19570555555555555,18
2024-06-06,0.110446875,32
2024-06-07,0.21010666666666664,30
2024-06-08,0.028982352941176473,17
2024-06-09,0.1750529411764706,17
2024-06-10,0.18237931034482757,29
2024-06-11,0.1438758620689655,29
2024-06-12,0.08266285714285715,35
2024-06-13,0.08380714285714286,28
2024-06-14,0.18826666666666667,36
2024-06-15,-0.03978124999999999,16
2024-06-16,0.2454,13
2024-06-17,0.07598387096774194,31
2024-06-18,-0.06747692307692309,39
2024-06-19,0.09018409090909091,44
2024-06-20,0.0829860465116279,43
2024-06-21,0.039981081081081074,37
2024-06-22,0.09051481481481483,27
2024-06-23,-0.16074,10
2024-06-24,0.006926470588235297,34
2024-06-25,0.1170063829787234,47
2024-06-26,0.08341842105263159,38
2024-06-27,0.10695952380952381,42
2024-06-28,0.13368181818181818,44
2024-06-29,0.13860625,32
2024-06-30,-0.19315000000000002,18
2024-07-01,0.1438242424242424,33
2024-07-02,0.026025581395348836,43
2024-07-03,0.08552678571428572,56
2024-07-04,0.10024857142857144,35
2024-07-05,-0.03883809523809524,42
2024-07-06,-0.0791103448275862,29
2024-07-07,0.012328571428571427,14
2024-07-08,0.010381132075471701,53
2024-07-09,0.12552567567567569,74
2024-07-10,0.04068557692307692,104
2024-07-11,0.0761709090909091,110
2024-07-12,0.08300217391304347,46
2024-07-13,0.13760833333333333,12
2024-07-14,0.14004,5
2024-07-15,0.20488095238095239,21
2024-07-16,0.10287142857142857,14
2024-07-17,0.16111999999999999,20
2024-07-18,0.03195,32
2024-07-19,-0.024426923076923075,26
2024-07-20,0.03937647058823529,17
2024-07-21,0.3612,1
2024-07-22,0.060965384615384616,26
2024-07-23,0.1826851851851852,54
2024-07-24,0.15611,30
2024-07-25,0.08305714285714286,28
2024-07-26,0.01724285714285715,28
2024-07-27,0.13007857142857143,14
2024-07-28,0.0766,7
2024-07-29,0.1267318181818182,22
2024-07-30,0.06337857142857142,28
2024-07-31,0.023325000000000002,28
2024-08-01,0.06946470588235294,17
2024-08-02,0.15466666666666667,30
2024-08-03,0.32374,5
2024-08-04,0.231975,8
2024-08-05,-0.09948800000000001,25
2024-08-06,-0.058041860465116286,43
2024-08-07,0.05707333333333333,30
2024-08-08,0.08673214285714285,28
2024-08-09,0.15480476190476192,21
2024-08-10,0.11347272727272727,11
2024-08-11,0.33063750000000003,8
2024-08-12,0.17462105263157895,19
2024-08-13,0.1938888888888889,27
2024-08-14,0.07779629629629631,27
2024-08-15,0.10883939393939393,33
2024-08-16,0.14991923076923078,26
2024-08-17,0.08092142857142857,14
2024-08-18,-0.02338333333333333,6
2024-08-19,0.13476470588235293,34
2024-08-20,0.11524444444444445,36
2024-08-21,0.14566774193548387,31
2024-08-22,0.17053928571428573,28
2024-08-23,0.06367837837837838,37
2024-08-24,0.23861428571428572,21
2024-08-25,0.021179999999999997,5
2024-08-26,0.09484642857142857,28
2024-08-27,0.17441304347826087,23
2024-08-28,0.048597435897435905,39
2024-08-29,0.004640000000000009,30
2024-08-30,2.6923076923080362e-05,26
2024-08-31,0.012112499999999998,16
2024-09-01,-0.013581818181818183,11
2024-09-02,0.07823888888888889,18
2024-09-03,0.0007374999999999951,32
2024-09-04,0.06646,50
2024-09-05,0.05386071428571428,56
2024-09-06,0.04255909090909091,44
2024-09-07,-0.04432941176470589,17
2024-09-08,-0.13518571428571427,7
2024-09-09,0.1084,53
2024-09-10,0.12390350877192982,57
2024-09-11,0.013615686274509802,51
2024-09-12,0.066456,75
2024-09-13,0.17216122448979593,49
2024-09-14,-0.07423333333333332,18
2024-09-15,0.17329523809523809,21
2024-09-16,-0.010741071428571428,56
2024-09-17,0.07509777777777778,45
2024-09-18,0.03674107142857142,56
2024-09-19,0.03902280701754386,57
2024-09-20,0.04890757575757576,66
2024-09-21,0.08702857142857143,63
2024-09-22,0.14405757575757575,33
2024-09-23,0.0931173076923077,104
2024-09-24,0.04747500000000002,16
2024-09-25,0.17375714285714286,35
2024-09-26,-0.03473999999999999,15
2024-09-27,0.12261999999999999,20
2024-09-28,0.2067,9
2024-09-29,0.21504000000000004,5
2024-09-30,0.11948947368421052,19
2024-10-01,-0.05627692307692308,13
2024-10-02,0.18540666666666666,15
2024-10-03,-0.22807058823529414,17
2024-10-04,0.07223157894736841,19
2024-10-05,0.11569166666666668,12
2024-10-06,0.0618625,8
2024-10-07,0.25638421052631577,19
2024-10-08,0.096325,32
2024-10-09,0.0776,27
2024-10-10,-0.02009130434782609,23
2024-10-11,0.0639421052631579,19
2024-10-12,0.007150000000000001,10
2024-10-13,-0.04489999999999998,5
2024-10-14,0.037579166666666663,24
2024-10-15,0.17174814814814815,27
2024-10-16,-0.07214999999999999,16
2024-10-17,0.14015625,32
2024-10-18,-0.012600000000000004,21
2024-10-19,0.09638333333333332,6
2024-10-20,0.06995714285714286,7
2024-10-21,0.2201578947368421,19
2024-10-22,0.10574666666666667,30
2024-10-23,0.04117894736842105,19
2024-10-24,0.030212500000000014,24
2024-10-25,0.05020869565217392,23
2024-10-26,0.01741428571428571,7
2024-10-27,0.1085375,8
2024-10-28,0.06437,20
2024-10-29,0.051804347826086956,23
2024-10-30,0.08796153846153845,26
2024-10-31,0.1653388888888889,18
2024-11-01,0.11205294117647059,17
2024-11-02,0.08702727272727273,11
2024-11-03,0.085,4
2024-11-04,-0.06680714285714286,14
2024-11-05,0.09843809523809524,21
2024-11-06,0.07471,20
2024-11-07,0.18084193548387095,31
2024-11-08,0.1598962962962963,27
2024-11-09,0.2306875,8
2024-11-10,0.06038750000000001,8
2024-11-11,0.21395,20
2024-11-12,0.1367139534883721,43
2024-11-13,0.2543206896551724,29
2024-11-14,0.13864375,32
2024-11-15,-0.08013076923076924,13
2024-11-16,0.004366666666666662,6
2024-11-17,0.1216,6
2024-11-18,0.19668095238095237,21
2024-11-19,0.13721764705882353,17
2024-11-20,-0.14054545454545456,11
2024-11-21,0.17652962962962965,27
2024-11-22,0.12476538461538461,26
2024-11-23,0.14045,12
2024-11-24,0.18687058823529412,17
2024-11-25,0.18436451612903226,31
2024-11-26,0.164072972972973,37
2024-11-27,0.05479545454545456,22
2024-11-28,0.19673333333333334,36
2024-11-29,0.18199722222222223,36
2024-11-30,0.16374,10
2024-12-01,0.32547000000000004,10
2024-12-02,0.3368058823529412,17
2024-12-03,0.1200423076923077,26
2024-12-04,0.1762409090909091,22
2024-12-05,0.09231785714285715,28
2024-12-06,0.09606451612903226,31
2024-12-07,0.08623846153846154,13
2024-12-08,0.1850285714285714,7
2024-12-09,0.16107826086956523,23
2024-12-10,0.08503333333333334,21
2024-12-11,0.10086521739130436,23
2024-12-12,0.35025249999999997,40
2024-12-13,0.23576122448979595,49
2024-12-14,0.14154615384615385,13
2024-12-15,0.15399166666666667,12
2024-12-16,0.13398387096774195,31
2024-12-17,0.008680000000000004,35
2024-12-18,0.071382,50
2024-12-19,0.03100909090909091,22
2024-12-20,0.18738666666666665,45
2024-12-21,-0.015239999999999998,5
2024-12-22,0.077075,4
2024-12-23,0.049180769230769236,26
2024-12-24,0.0032740740740740785,27
2024-12-25,0.131984,25
2024-12-26,0.07603000000000001,20
2024-12-27,0.181084,25
2024-12-28,0.03454615384615385,13
2024-12-29,0.314625,8
2024-12-30,0.22390000000000002,17
2024-12-31,0.15557567567567568,37
2025-01-01,0.16248148148148148,27
2025-01-02,0.03587058823529412,34
2025-01-03,0.1302470588235294,34
2025-01-04,0.2589516129032258,31
2025-01-05,0.2004103448275862,29
2025-01-06,0.1490257731958763,97
2025-01-07,0.18575,56
2025-01-08,0.10146470588235294,17
2025-01-09,0.16456956521739133,23
2025-01-10,0.15898181818181817,11
2025-01-11,0.06743333333333333,3
2025-01-12,-0.10550000000000002,3
2025-01-13,0.06308461538461539,13
2025-01-14,0.12578461538461538,13
2025-01-15,0.09638823529411764,17
2025-01-16,0.070805,20
2025-01-17,0.24913333333333332,18
2025-01-18,0.07719000000000001,10
2025-01-19,0.2814,8
2025-01-20,0.31799999999999995,30
2025-01-21,0.2032142857142857,21
2025-01-22,0.20770666666666665,30
2025-01-23,0.009600000000000004,18
2025-01-24,0.08558095238095238,21
2025-01-25,0.16952105263157893,19
2025-01-26,0.41738,5
2025-01-27,0.13968846153846154,26
2025-01-28,0.23405416666666667,24
2025-01-29,0.1458833333333333,18
2025-01-30,0.11366363636363636,22
2025-01-31,0.2714916666666667,24
2025-02-01,0.0023428571428571444,14
2025-02-02,0.19424666666666665,15
2025-02-03,-0.18834166666666666,12
2025-02-04,0.17823999999999998,35
2025-02-05,0.04526875,16
2025-02-06,0.05441,20
2025-02-07,0.2029842105263158,19
2025-02-08,0.07062142857142857,14
2025-02-09,0.2086888888888889,9
2025-02-10,0.14527222222222222,18
2025-02-11,0.07361176470588236,17
2025-02-12,0.15404827586206898,29
2025-02-13,0.13594838709677418,31
2025-02-14,0.09225862068965517,29
2025-02-15,0.11483333333333332,9
2025-02-16,0.17446250000000002,8
2025-02-17,0.120445,20
2025-02-18,0.10086111111111111,18
2025-02-19,0.0542,18
2025-02-20,0.135152,25
2025-02-21,0.05296060606060607,33
2025-02-22,0.05845806451612904,31
2025-02-23,-0.059033333333333333,12
2025-02-24,-0.0020318181818181806,44
2025-02-25,-0.019438095238095237,21
2025-02-26,0.09411666666666667,24
2025-02-27,-0.10819374999999999,16
2025-02-28,-0.023035000000000007,20
2025-03-01,-0.023136842105263157,19
2025-03-02,0.09600909090909092,11
2025-03-03,0.013096428571428575,28
2025-03-04,-0.04491428571428572,28
2025-03-05,0.062792,25
2025-03-06,0.033035294117647065,17
2025-03-07,0.05856666666666668,3
2025-03-08,0.4404,1
2025-03-09,0.0,2
2025-03-10,-0.0036999999999999997,6
2025-03-11,-0.29455,4
2025-03-12,0.10167272727272728,11
2025-03-13,0.039081250000000005,32
2025-03-14,0.01689565217391304,23
2025-03-15,0.0263,11
2025-03-16,0.16724615384615385,13
2025-03-17,0.10507368421052632,38
2025-03-18,0.022848571428571423,35
2025-03-19,-0.08315714285714286,21
2025-03-20,0.1141047619047619,21
2025-03-21,-0.01786521739130434,23
2025-03-22,0.16435714285714287,7
2025-03-23,0.2669888888888889,9
2025-03-24,0.10976999999999999,30
2025-03-25,0.07381081081081081,37
2025-03-26,0.027213333333333336,30
2025-03-27,0.037526666666666667,30
2025-03-28,0.007895652173913048,23
2025-03-29,0.009390909090909096,11
2025-03-30,-0.11828749999999999,8
2025-03-31,0.0536,20
2025-04-01,0.005527586206896556,29
2025-04-02,0.011671428571428574,42
2025-04-03,0.006730434782608698,46
2025-04-04,-0.011108536585365852,82
2025-04-05,0.013018181818181823,33
2025-04-06,-0.07736,40
2025-04-07,-0.14160945945945944,74
2025-04-08,0.0988625,16
2025-04-09,0.13652692307692307,26
2025-04-10,0.11993571428571428,14
2025-04-11,0.08345,16
2025-04-12,0.10066666666666665,9
2025-04-13,-0.084775,4
2025-04-14,-0.020720000000000006,20
2025-04-15,-0.020311764705882356,17
2025-04-16,0.03206279069767441,43
2025-04-17,-0.005010526315789474,19
2025-04-18,0.10952666666666667,15
2025-04-19,0.15723333333333334,9
2025-04-20,0.08963636363636364,11
2025-04-21,0.014578787878787877,33
2025-04-22,0.15022368421052631,38
2025-04-23,0.05650740740740741,27
2025-04-24,0.023488235294117647,34
2025-04-25,0.11807894736842106,38
2025-04-26,0.005583333333333336,12
2025-04-27,0.09806428571428571,14
2025-04-28,0.17644285714285715,28
2025-04-29,0.07996176470588236,34
2025-04-30,0.036118000000000004,50
2025-05-01,-0.020470588235294122,34
2025-05-02,-0.0006949999999999956,80
2025-05-03,0.17327857142857142,56
2025-05-04,0.10653953488372093,43
2025-05-05,0.05003055555555556,36
2025-05-06,0.17654,15
2025-05-07,0.06833703703703704,27
2025-05-08,0.28683548387096774,31
2025-05-09,0.25695,42
2025-05-10,0.223953125,32
2025-05-11,0.04874166666666668,12
2025-05-12,0.16109285714285715,14
2025-05-13,0.2079619047619048,21
2025-05-14,0.1399846153846154,26
2025-05-15,0.19768666666666668,15
2025-05-16,0.14433636363636362,11
2025-05-17,0.30746,5
2025-05-18,-0.11084000000000001,5
2025-05-19,0.12853333333333333,12
2025-05-20,0.2612333333333333,24
2025-05-21,0.17727894736842106,19
2025-05-22,-0.004811999999999993,25
2025-05-23,0.10409444444444445,54
2025-05-24,-0.025280000000000004,10
